product-name,url,description
Puma Unisex-Adult Smashic Casual Shoe,https://m.media-amazon.com/images/I/51MiYR1te6L._SY695_.jpg,"Labels: 'Shoe', 'Walking shoe', 'Grey', 'Sportswear', 'Sneakers', 'Font', 'Athletic shoe', 'Electric blue', 'Outdoor shoe', 'Carmine', Texts: 'PUMA', 'PUMA', Logos: 'Puma', 'Puma', 'Puma', Objects: 'Shoe'"
NIKE Womens W Revolution 7 Running Shoe,https://m.media-amazon.com/images/I/71cy1dbMh5L._SX695_.jpg,"Labels: 'Footwear', 'Shoe', 'Product', 'Walking shoe', 'Sneakers', 'Grey', 'Sportswear', 'Font', 'Electric blue', 'Athletic shoe', Texts: , Logos: 'Nike', Objects: 'Shoe'"
Sparx Men's Sc0162g Sneakers,https://m.media-amazon.com/images/I/71xWtLhH2GL._SX695_.jpg,"Labels: 'Footwear', 'Shoe', 'Product', 'Walking shoe', 'Grey', 'Sportswear', 'Sneakers', 'Outdoor shoe', 'Skate shoe', 'Font', Texts: , Logos: , Objects: 'Shoe', 'Shoe'"
Puma Womens Kendall WNS Running Shoe,https://m.media-amazon.com/images/I/61C+Y9zoAQL._SY695_.jpg,"Labels: 'Footwear', 'Shoe', 'Outdoor shoe', 'Walking shoe', 'Sportswear', 'Cleat', 'Sneakers', 'Font', 'Magenta', 'Skate shoe', Texts: , Logos: 'Puma', Objects: 'Shoe'"
Nivia Men's Combat 2.0 Basketball Shoes,https://m.media-amazon.com/images/I/71YG7EClYfL._SX679_.jpg,"Labels: 'Footwear', 'Shoe', 'Outdoor shoe', 'Walking shoe', 'Grey', 'Font', 'Sportswear', 'Sneakers', 'Athletic shoe', 'Electric blue', Texts: 'NIV', 'NIV', Logos: 'Nivia Sports', Objects: 'Shoe'"
adidas Mens Amalgo M Running Shoe,https://m.media-amazon.com/images/I/81ATe15IyHL._SX695_.jpg,"Labels: 'Footwear', 'Shoe', 'Walking shoe', 'Outdoor shoe', 'Grey', 'Sneakers', 'Sportswear', 'Font', 'Athletic shoe', 'Pattern', Texts: , Logos: 'Adidas', Objects: 'Shoe'"
Red Tape Casual Sneaker Shoes for Men,https://m.media-amazon.com/images/I/61OBcY37KXL._SY695_.jpg,"Labels: 'Footwear', 'Outdoor shoe', 'Walking shoe', 'Sportswear', 'Sneakers', 'Font', 'Athletic shoe', 'Cross training shoe', 'Electric blue', 'Running shoe', Texts: 'REDTAPE\nCLASSIC', 'REDTAPE', 'CLASSIC', Logos: , Objects: 'Shoe'"
Bata Mens MaxUniform Dress Shoe,https://m.media-amazon.com/images/I/710+f7XX2FL._SY695_.jpg,"Labels: 'Brown', 'Shoe', 'Walking shoe', 'Sportswear', 'Sneakers', 'Font', 'Athletic shoe', 'Outdoor shoe', 'Electric blue', 'Logo', Texts: 'mmm\nBata', 'mmm', 'Bata', Logos: , Objects: 'Shoe'"
SPARX Mens Sx0675g Walking Shoe,https://m.media-amazon.com/images/I/71u2XOFXAIL._SX695_.jpg,"Labels: 'Footwear', 'Shoe', 'Outdoor shoe', 'Sneakers', 'Walking shoe', 'Grey', 'Sportswear', 'Font', 'Synthetic rubber', 'Electric blue', Texts: 'parx\nCUSHIONED foam', 'parx', 'CUSHIONED', 'foam', Logos: , Objects: 'Shoe'"
Campus Stack Sneakers for Men,https://m.media-amazon.com/images/I/61U0BBQYhrL._SY695_.jpg,"Labels: 'Footwear', 'Shoe', 'Outdoor shoe', 'Walking shoe', 'Cleat', 'Grey', 'Sneakers', 'Sportswear', 'Font', 'Athletic shoe', Texts: , Logos: , Objects: 'Shoe'"
ADIDAS Mens Regular Fit M Sereno Bos T2 Jerseys,https://m.media-amazon.com/images/I/71IQc8cAIQL._SX569_.jpg,"Labels: 'Hair', 'Outerwear', 'Arm', 'Shoulder', 'White', 'Neck', 'Human body', 'Sleeve', 'Standing', 'Gesture', Texts: 'adidas', 'adidas', Logos: 'Adidas', Objects: 'Person', 'Top', 'Top', 'Person'"
adidas Men's Regular Fit M D2M Polo,https://m.media-amazon.com/images/I/71fKZrHSO9L._SX569_.jpg,"Labels: 'Joint', 'Arm', 'Shoulder', 'Jersey', 'Human body', 'Neck', 'Sleeve', 'Gesture', 'Collar', 'Elbow', Texts: , Logos: , Objects: 'Person', 'Top', 'Top', 'Person', 'Shirt'"
Puma Men's Solid Regular Fit T-Shirt,https://m.media-amazon.com/images/I/71FAiQfnqSL._SX569_.jpg,"Labels: 'Arm', 'Shoulder', 'White', 'Human body', 'Neck', 'Sleeve', 'Gesture', 'Elbow', 'Grey', 'Collar', Texts: , Logos: 'Puma', Objects: 'Person', 'Top', 'Top', 'Person'"
Puma Men's Regular fit T-Shirt,https://m.media-amazon.com/images/I/61z4pzDQROL._SX569_.jpg,"Labels: 'Arm', 'Shoulder', 'Jersey', 'Azure', 'Human body', 'Sleeve', 'Waist', 'Gesture', 'Elbow', 'Collar', Texts: , Logos: , Objects: 'Outerwear', 'Person'"
Puma Men's T-Shirt,https://m.media-amazon.com/images/I/71N-eWQzzjL._SX569_.jpg,"Labels: 'Shoulder', 'White', 'Jersey', 'Human body', 'Neck', 'Sleeve', 'Dress shirt', 'Gesture', 'Waist', 'Elbow', Texts: , Logos: 'Puma', Objects: 'Person', 'Top', 'Top', 'Person', 'Pants'"
Reebok Men's Regular Fit T-Shirt,https://m.media-amazon.com/images/I/51-FneXbwrL._SY741_.jpg,"Labels: 'Polo shirt', 'Arm', 'Shoulder', 'Jersey', 'Sports uniform', 'Sleeve', 'Gesture', 'Collar', 'Elbow', 'Sportswear', Texts: 'Reebok\nX', 'Reebok', 'X', Logos: 'Reebok', Objects: 'Person', 'Top', 'Person', 'Top', 'Pants'"
Dennis Lingo Men's Cotton Buffalo Check Slim Fit Casual Shirt with Pocket,https://m.media-amazon.com/images/I/51oqHcH9mcL._SY741_.jpg,"Labels: 'Face', 'Arm', 'Tartan', 'Shirt', 'Shoulder', 'Dress shirt', 'Neck', 'Human body', 'Sleeve', 'Jersey', Texts: 'о\nо', 'о', 'о', Logos: , Objects: 'Top', 'Person', 'Person', 'Shirt'"
Thomas Scott Men's Smart Slim Fit Band Collar Pure Cotton Denim Casual Overdyed Shirt,https://m.media-amazon.com/images/I/61a9DdTG-sL._SY741_.jpg,"Labels: 'Jeans', 'Shirt', 'Arm', 'Shoulder', 'Dress shirt', 'Dress', 'Jersey', 'Human body', 'Neck', 'Sleeve', Texts: 'Keep your head mo', 'Keep', 'your', 'head', 'mo', Logos: , Objects: 'Top', 'Person', 'Person', 'Shirt', 'Jeans'"
Lymio Men T-Shirt,https://m.media-amazon.com/images/I/71x4rLhMkML._SY741_.jpg,"Labels: 'Joint', 'Outerwear', 'Shoulder', 'Muscle', 'Product', 'Stomach', 'Dress shirt', 'Neck', 'Sleeve', 'Standing', Texts: , Logos: , Objects: 'Watch', 'Top', 'Pants', 'Clothing'"
GRECIILOOKS Track Pant for Men,https://m.media-amazon.com/images/I/51rgGjt-lnL._SY741_.jpg,"Labels: 'Shoe', 'Active pants', 'Sleeve', 'Dress shirt', 'Waist', 'Gesture', 'Khaki pants', 'Collar', 'Thigh', 'Knee', Texts: , Logos: , Objects: 'Pants', 'Shoe', 'Shoe'"
U.S. Polo Assn. Men Signature Logo Pure Cotton,https://m.media-amazon.com/images/I/61fRzTKtwAL._SX569_.jpg,"Labels: 'Outerwear', 'White', 'Neck', 'Sleeve', 'Waist', 'Textile', 'Orange', 'Grey', 'Style', 'Knee', Texts: , Logos: 'U.S. Polo Assn.', 'U.S. Polo Assn.', Objects: 'Shorts', 'Person', 'Underpants'"
VIMAL JONNEY Men's Slim Track Pants,https://m.media-amazon.com/images/I/71aNV7oOkmL._SX679_.jpg,"Labels: 'Joint', 'Leg', 'Active pants', 'Neck', 'Sleeve', 'Waist', 'Knee', 'Thigh', 'Gesture', 'Grey', Texts: , Logos: , Objects: 'Pants', 'Pants', 'Pants', 'Person', 'Person', 'Person', 'Shoe', 'Shoe', 'Shoe'"
Fossil Decker Brown Watch,https://m.media-amazon.com/images/I/81DEF+TfCTL._SX679_.jpg,"Labels: 'Watch', 'Analog watch', 'Clock', 'Watch accessory', 'Font', 'Silver', 'Rectangle', 'Metal', 'Electric blue', 'Fashion accessory', Texts: '8-\nTACHYMETER\n100/\n95\n100\n血\nˊ\n500 450 400 350\nFOSSIL\n10 ATM\n18\n111\nI\n150 160 170\n105\n110 115 120\n130', '8-', 'TACHYMETER', '100', '/', '95', '100', '血', 'ˊ', '500', '450', '400', '350', 'FOSSIL', '10', 'ATM', '18', '111', 'I', '150', '160', '170', '105', '110', '115', '120', '130', Logos: , Objects: 'Watch'"
Fastrack Casual Analog White Dial Men's Watch,https://m.media-amazon.com/images/I/51Z3J7uzNfL._SX679_.jpg,"Labels: 'Watch', 'Analog watch', 'Watch accessory', 'Clock', 'Rectangle', 'Font', 'Metal', 'Brand', 'Fashion accessory', 'Steel', Texts: 'dtrack\n3', 'dtrack', '3', Logos: 'Fastrack', Objects: 'Watch'"
Sonata Men Leather Analog White Dial Watch,https://m.media-amazon.com/images/I/71QvcBxXXxL._SY741_.jpg,"Labels: 'Watch', 'Analog watch', 'White', 'Light', 'Product', 'Clock', 'Watch accessory', 'Rectangle', 'Font', 'Material property', Texts: '8\n12\n10\n11\nSONATA\n503537\n6\nLO\n5\n2\n4.\n3', '8', '12', '10', '11', 'SONATA', '503537', '6', 'LO', '5', '2', '4', '.', '3', Logos: , Objects: 'Watch'"
Casio Men Stainless Steel Analog Black Dial Watch,https://m.media-amazon.com/images/I/61hpIjX15vL._SX679_.jpg,"Labels: 'Watch', 'Analog watch', 'Clock', 'Watch accessory', 'Font', 'Silver', 'Metal', 'Fashion accessory', 'Nickel', 'Brand', Texts: ""40\n50\n60\nCASIO\nWATER RESIST\n50M\nJAPAN\nMOV'T\n30\n20\nיוסי"", '40', '50', '60', 'CASIO', 'WATER', 'RESIST', '50M', 'JAPAN', ""MOV'T"", '30', '20', 'יוסי', Logos: 'Casio', Objects: 'Watch'"
Titan Analog Silver Dial Gold Band Men's Stainless Steel Watch,https://m.media-amazon.com/images/I/81lfqanrciL._SY741_.jpg,"Labels: 'Watch', 'Analog watch', 'Clock', 'Font', 'Material property', 'Watch accessory', 'Rectangle', 'Silver', 'Metal', 'Fashion accessory', Texts: 'in\nn\n3\nTITAN\nか\nMIER 16\nD\n13\nn\n15\n9\n•\nn\n6\n3\nn\n""\n10\n6\n3\n13\n3\n3\nCIFTIR', 'in', 'n', '3', 'TITAN', 'か', 'MIER', '16', 'D', '13', 'n', '15', '9', '•', 'n', '6', '3', 'n', '""', '10', '6', '3', '13', '3', '3', 'CIFTIR', Logos: 'Titan Company', Objects: 'Watch'"
"Fire-Boltt Ninja Call Pro Plus 1.83"" Smart Watch with Bluetooth Calling",https://m.media-amazon.com/images/I/61AHiYyu3ZL._SX679_.jpg,"Labels: 'Smile', 'Gesture', 'Gadget', 'Audio equipment', 'Font', 'Communication Device', 'Auto part', 'Output device', 'Clock', 'Wrist', Texts: 'FIRE BOLTT\n12\n35', 'FIRE', 'BOLTT', '12', '35', Logos: , Objects: 'Watch', 'Person', 'Person'"
Milton Prudent 1100 Thermosteel 24 Hours Hot and Cold Water Bottle,https://m.media-amazon.com/images/I/71TLCsrjEnL._SX679_.jpg,"Labels: 'Liquid', 'Bottle', 'Drinkware', 'Fluid', 'Plastic bottle', 'Glass bottle', 'Alcoholic beverage', 'Cylinder', 'Electric blue', 'Drink', Texts: 'milton', 'milton', Logos: 'Tim Hortons', Objects: 'Bottle', 'Bottle'"
MILTON Aqua 500 Stainless Steel Water Bottle 500-ml Light-Pink,https://m.media-amazon.com/images/I/51AOvn+e1QL._SX679_.jpg,"Labels: 'Liquid', 'Bottle', 'Fluid', 'Tints and shades', 'Plastic bottle', 'Magenta', 'Drink', 'Cylinder', 'Plastic', 'Peach', Texts: 'milton', 'milton', Logos: , Objects: "
"Redmi 12 (Moonstone Silver,6GB RAM, 128GB Storage)",https://m.media-amazon.com/images/I/71ij5dqxbeL._SX679_.jpg,"Labels: 'Mobile phone', 'Communication Device', 'Portable communications device', 'Gadget', 'Gesture', 'Grey', 'Telephony', 'Font', 'Smartphone', 'Rectangle', Texts: 'Redmi\nRedmi 12', 'Redmi', 'Redmi', '12', Logos: 'Redmi', 'Redmi', Objects: 'Mobile phone', 'Mobile phone'"
"Redmi A3 (Olive Green, 3GB RAM, 64GB Storage)",https://m.media-amazon.com/images/I/71dJSabHYiL._SX679_.jpg,"Labels: 'Automotive tire', 'Audio equipment', 'Automotive lighting', 'Font', 'Gadget', 'Communication Device', 'Sports equipment', 'Automotive design', 'Camera', 'Auto part', Texts: 'A CAMERA\nRedmi\nRedmi\nA3', 'A', 'CAMERA', 'Redmi', 'Redmi', 'A3', Logos: , Objects: 'Mobile phone', 'Mobile phone'"
Apple Iphone-14,https://m.media-amazon.com/images/I/51Sn5X2gfaL._SX679_.jpg,"Labels: 'Communication Device', 'Mobile phone', 'Portable communications device', 'Gesture', 'Telephony', 'Gadget', 'Smartphone', 'Aluminium', 'Metal', 'Mobile device', Texts: , Logos: 'iPhone', Objects: 'Mobile phone'"
Apple Iphone 15-pro Max,https://m.media-amazon.com/images/I/61Jrsu9d3-L._SX679_.jpg,"Labels: 'Mobile phone', 'Communication Device', 'Portable communications device', 'Gesture', 'Grey', 'Telephony', 'Gadget', 'Automotive exterior', 'Bumper', 'Smartphone', Texts: , Logos: , Objects: "
Iphone Case-cover,https://m.media-amazon.com/images/I/51pPPth9kyL._SX679_.jpg,"Labels: 'Grey', 'Gadget', 'Mp3 player', 'Gas', 'Font', 'Audio equipment', 'Circle', 'Rectangle', 'Multimedia', 'Electric blue', Texts: , Logos: 'Apple', Objects: 'Mobile phone', 'Camera'"
One Plus Nord3,https://m.media-amazon.com/images/I/51opW+tODpL._SY741_.jpg,"Labels: 'Fixture', 'Door', 'Rectangle', 'Gas', 'Font', 'Metal', 'Handle', 'Circle', 'Aluminium', 'Titanium', Texts: , Logos: 'OnePlus', Objects: 'Mobile phone'"
One Plus CE4,https://m.media-amazon.com/images/I/51jCor3c-EL._SX679_.jpg,"Labels: 'Communication Device', 'Gesture', 'Rectangle', 'Telephony', 'Portable communications device', 'Gadget', 'Smartphone', 'Metal', 'Electric blue', 'Mobile phone', Texts: , Logos: 'OnePlus', Objects: 'Mobile phone'"
One plus CE3,https://m.media-amazon.com/images/I/510YZx4v3wL._SX679_.jpg,"Labels: 'Mobile phone', 'Telephony', 'Communication Device', 'Portable communications device', 'Mobile device', 'Gadget', 'Telephone', 'Camera', 'Smartphone', 'Camera lens', Texts: , Logos: 'OnePlus', Objects: 'Mobile phone'"
Samsung galaxy,https://m.media-amazon.com/images/I/71td5npKu6L._SY741_.jpg,"Labels: 'Communication Device', 'Rectangle', 'Gadget', 'Font', 'Gas', 'Netbook', 'Major appliance', 'Electric blue', 'Metal', 'Circle', Texts: 'SAMSUNG', 'SAMSUNG', Logos: 'Samsung', Objects: 'Mobile phone'"
Samsung S24,https://m.media-amazon.com/images/I/81vxWpPpgNL._SX679_.jpg,"Labels: 'Font', 'Rectangle', 'Audio equipment', 'Triangle', 'Output device', 'Electronic device', 'Gadget', 'Eyelash', 'Multimedia', 'Circle', Texts: 'SAMSUNG\nGalaxy\nS24 Ultra\nGalaxy Al is here', 'SAMSUNG', 'Galaxy', 'S24', 'Ultra', 'Galaxy', 'Al', 'is', 'here', Logos: 'Samsung', 'Samsung', 'Samsung', Objects: "
HP Laptop 15s,https://m.media-amazon.com/images/I/71oQh8WFlyL._SX679_.jpg,"Labels: 'Computer', 'Laptop', 'Personal computer', 'Output device', 'Peripheral', 'Input device', 'Touchpad', 'Space bar', 'Font', 'Computer hardware', Texts: ""India's\nNo.1\nBrand\nhp\nintel.\nCORE\n13\n*Market Share Report 2024\n11.0\nF\nG\nH\nK\nL\nA"", ""India's"", 'No.1', 'Brand', 'hp', 'intel', '.', 'CORE', '13', '*', 'Market', 'Share', 'Report', '2024', '11.0', 'F', 'G', 'H', 'K', 'L', 'A', Logos: 'Hewlett-Packard', Objects: 'Laptop'"
HP Laptop 15,https://m.media-amazon.com/images/I/61Cs3B5GHhL._SX679_.jpg,"Labels: 'Computer', 'Laptop', 'Personal computer', 'Output device', 'Touchpad', 'Peripheral', 'Input device', 'Space bar', 'Webcam', 'Netbook', Texts: ""India's\nNo. 1\nBrand\nhp\nintel.\nCORE\nD\n0\nB\nY\nH\nK\n9\nN\nM"", ""India's"", 'No.', '1', 'Brand', 'hp', 'intel', '.', 'CORE', 'D', '0', 'B', 'Y', 'H', 'K', '9', 'N', 'M', Logos: 'Hewlett-Packard', Objects: 'Laptop'"
Apple 2022 MacBook Air Laptop,https://m.media-amazon.com/images/I/61P2ia5kurL._SX679_.jpg,"Labels: 'Rectangle', 'Font', 'Electronic device', 'Logo', 'Multimedia', 'Brand', 'Gadget', 'Graphics', 'Screenshot', 'Diagram', Texts: ""What's in the Box\nUSB-C Power Adapter\nUSB-C to MagSafe 3 Cable (2 m)\nImage is for visual representation purpose only. The actual accessory may vary."", ""What's"", 'in', 'the', 'Box', 'USB', '-', 'C', 'Power', 'Adapter', 'USB', '-', 'C', 'to', 'MagSafe', '3', 'Cable', '(', '2', 'm', ')', 'Image', 'is', 'for', 'visual', 'representation', 'purpose', 'only', '.', 'The', 'actual', 'accessory', 'may', 'vary', '.', Logos: , Objects: "
DELL Latitude 5490 Core i5 8th Gen Laptop,https://m.media-amazon.com/images/I/418cc1MvF1L._SX679_.jpg,"Labels: 'Laptop', 'Computer', 'Personal computer', 'Output device', 'Netbook', 'Touchpad', 'Peripheral', 'Flat panel display', 'Gadget', 'Computer monitor accessory', Texts: 'DELL\nDELL', 'DELL', 'DELL', Logos: 'Dell', 'Dell', Objects: 'Laptop'"
Dell 14 Thin & Light Laptop,https://m.media-amazon.com/images/I/71Eu1-dfTmL._SX679_.jpg,"Labels: 'Computer', 'Personal computer', 'Output device', 'Laptop', 'Gadget', 'Computer hardware', 'Laptop part', 'Font', 'Electronic instrument', 'Laptop accessory', Texts: ""DELL\nTechnologies\n#1 INDIA'S MOST\nTRUSTED BRAND*\n*Brand Trust Report 2024\nW\nX\nP\nWord\nExcel\nPowerPoint\nOffice Home & Student 2021 Pre-Installed"", 'DELL', 'Technologies', '#', '1', ""INDIA'S"", 'MOST', 'TRUSTED', 'BRAND', '*', '*', 'Brand', 'Trust', 'Report', '2024', 'W', 'X', 'P', 'Word', 'Excel', 'PowerPoint', 'Office', 'Home', '&', 'Student', '2021', 'Pre', '-', 'Installed', Logos: 'Dell', Objects: 'Laptop'"
ASUS VivoBook 15 (2021) Thin and Light Laptop,https://m.media-amazon.com/images/I/71lYhcc++AL._SX679_.jpg,"Labels: 'Computer', 'Laptop', 'Personal computer', 'Output device', 'Netbook', 'Input device', 'Gadget', 'Laptop part', 'Font', 'Computer hardware', Texts: 'BEST\nOF TECH\nASUS\nV I V O B O O K\nASUS', 'BEST', 'OF', 'TECH', 'ASUS', 'V', 'I', 'V', 'O', 'B', 'O', 'O', 'K', 'ASUS', Logos: 'Asus', 'Asus', 'Asus', Objects: 'Laptop'"
"Lenovo ThinkPad E14 Intel Core i5 12th Gen 14"" FHD Thin and Light Laptop",https://m.media-amazon.com/images/I/617Af4lsBNL._SX679_.jpg,"Labels: 'Computer', 'Personal computer', 'Laptop', 'Touchpad', 'Output device', 'Peripheral', 'Input device', 'Netbook', 'Space bar', 'Gesture', Texts: 'intel.\nCORE\n15\nThinkPad\nE14', 'intel', '.', 'CORE', '15', 'ThinkPad', 'E14', Logos: 'Lenovo ThinkPad', 'Lenovo ThinkPad', Objects: 'Laptop'"
"Lenovo ThinkPad E14 Intel Core i3 12th Gen 14"" FHD Thin and Light Laptop",https://m.media-amazon.com/images/I/518BYF8LHRL._SY450_.jpg,"Labels: 'Computer', 'Personal computer', 'Laptop', 'Touchpad', 'Output device', 'Input device', 'Peripheral', 'Space bar', 'Netbook', 'Computer keyboard', Texts: 'ThinkPad', 'ThinkPad', Logos: 'Lenovo ThinkPad', Objects: 'Laptop'"
ASUS Vivobook Pro 15 AMD Ryzen 7,https://m.media-amazon.com/images/I/61eTPcEsC+L._SX679_.jpg,"Labels: 'Computer', 'Personal computer', 'Output device', 'Font', 'Laptop', 'Computer keyboard', 'Electronic instrument', 'Computer hardware', 'Office equipment', 'Display device', Texts: 'BEST\nOF TECH\nASUS\nNVIDIA.\nV I V O B O O K\nVIV\nSTUDIO\nASUS Vivobook', 'BEST', 'OF', 'TECH', 'ASUS', 'NVIDIA', '.', 'V', 'I', 'V', 'O', 'B', 'O', 'O', 'K', 'VIV', 'STUDIO', 'ASUS', 'Vivobook', Logos: 'Asus', 'Nvidia', Objects: 'Laptop'"
Lenovo Yoga Slim 7 Pro Intel Evo Core i5-11320H,https://m.media-amazon.com/images/I/51qPrXE56-L._SX679_.jpg,"Labels: 'Computer', 'Personal computer', 'Laptop', 'Touchpad', 'Output device', 'Input device', 'Space bar', 'Laptop accessory', 'Peripheral', 'Gadget', Texts: 'Lenovo\nYOGɅ\nintel\nevo\ncote\n4\nG\nラ\nB\n9\nQ\nW\nE\nR\nT\nY\nU\nO\nP\nS\nD\nF\nG\nH\nJ\nK\nL\nx\nC\nB\nN\nM\nA\nGu\nLenovo', 'Lenovo', 'YOGɅ', 'intel', 'evo', 'cote', '4', 'G', 'ラ', 'B', '9', 'Q', 'W', 'E', 'R', 'T', 'Y', 'U', 'O', 'P', 'S', 'D', 'F', 'G', 'H', 'J', 'K', 'L', 'x', 'C', 'B', 'N', 'M', 'A', 'Gu', 'Lenovo', Logos: 'Lenovo K6 Power', Objects: 'Laptop'"
LG 164 cm (65 inches) 4K Ultra HD Smart LED TV,https://m.media-amazon.com/images/I/8195aYGDl9L._SX450_.jpg,"Labels: 'Line', 'Font', 'Magenta', 'Violet', 'Rectangle', 'Tints and shades', 'Terrestrial plant', 'Pattern', 'Electric blue', 'Graphics', Texts: 'LG UHD AT Thing\n4K Smart TV\nGen6\nAl Processor 4K 60HZ\nREFRESH RATE\nGame\nOptimizer', 'LG', 'UHD', 'AT', 'Thing', '4K', 'Smart', 'TV', 'Gen6', 'Al', 'Processor', '4K', '60HZ', 'REFRESH', 'RATE', 'Game', 'Optimizer', Logos: , Objects: 'Television'"
Samsung 108 cm (43 inches) D Series Crystal 4K Vivid Pro Ultra HD Smart LED TV,https://m.media-amazon.com/images/I/81aKi8uAUsL._SX450_.jpg,"Labels: 'Purple', 'Organism', 'Violet', 'Font', 'Magenta', 'Science', 'Electric blue', 'Astronomical object', 'Event', 'Circle', Texts: 'SAMSUNG\n2024 Launch\nCrystal 4K Vivid Pro\n2024 D Series\n4K Upscaling\nSolar Cell\nRemote\nMultiple Voice\nAssistant', 'SAMSUNG', '2024', 'Launch', 'Crystal', '4K', 'Vivid', 'Pro', '2024', 'D', 'Series', '4K', 'Upscaling', 'Solar', 'Cell', 'Remote', 'Multiple', 'Voice', 'Assistant', Logos: , Objects: 'Television'"
Samsung 80 cm (32 inches) HD Ready Smart LED,https://m.media-amazon.com/images/I/71S8iUPW9bL._SX450_.jpg,"Labels: 'Computer', 'Output device', 'Personal computer', 'Television', 'Computer monitor', 'Font', 'Television set', 'Flat panel display', 'Computer monitor accessory', 'Sky', Texts: 'SAMSUNG\nHD Smart TV\nPurColor\nHDR\nDO DOLBY\nDIGITAL PLUS', 'SAMSUNG', 'HD', 'Smart', 'TV', 'PurColor', 'HDR', 'DO', 'DOLBY', 'DIGITAL', 'PLUS', Logos: 'Motion Picture Association', Objects: 'Television', 'Animal', 'Animal', 'Television'"
MI 108 cm (43 inches) A Series Full HD Smart Google TV L43M8-5AIN,https://m.media-amazon.com/images/I/71UXTb93oZL._SX450_.jpg,"Labels: 'Orange', 'Font', 'Slope', 'Rectangle', 'Natural landscape', 'Poster', 'Advertising', 'Logo', 'Horizon', 'Brand', Texts: 'xiaomi\nSmart TV A Series\n43 2023 Edition\nGoogle TV PatchWall+\nDolby Audio\ndts\nVIRTUAL', 'xiaomi', 'Smart', 'TV', 'A', 'Series', '43', '2023', 'Edition', 'Google', 'TV', 'PatchWall', '+', 'Dolby', 'Audio', 'dts', 'VIRTUAL', Logos: , Objects: 'Television'"
Samsung 108 cm (43 inches) Full HD Smart LED TV,https://m.media-amazon.com/images/I/91mRUNnqqnL._SX569_.jpg,"Labels: 'Mountain', 'Slope', 'Natural landscape', 'Font', 'Travel', 'Landscape', 'Magenta', 'Rectangle', 'Mountain range', 'Hill', Texts: 'SAMSUNG\nFull HD TV', 'SAMSUNG', 'Full', 'HD', 'TV', Logos: 'Samsung', Objects: 'Television', 'Television'"
Acer 100 cm (40 inches) Advanced I Series Full HD Smart LED Google TV ,https://m.media-amazon.com/images/I/5126gXnEjFL._SX450_.jpg,"Labels: 'Orange', 'Rectangle', 'Font', 'Material property', 'Tints and shades', 'Window', 'Logo', 'Automotive exterior', 'Advertising', 'Brand', Texts: 'FRAMELESS\nDESIGN\n30W\nHIGH FIDELITY\nSPEAKERS\nacer\nGoogle TV\n40 FHD\n16GB STORAGE 1.5GB RAM Dolby Audio', 'FRAMELESS', 'DESIGN', '30W', 'HIGH', 'FIDELITY', 'SPEAKERS', 'acer', 'Google', 'TV', '40', 'FHD', '16GB', 'STORAGE', '1.5GB', 'RAM', 'Dolby', 'Audio', Logos: 'Acer', Objects: 'Television'"
Sony Bravia 108 cm (43 inches) 4K Ultra HD Smart LED Google TV,https://m.media-amazon.com/images/I/715-IBd7vlL._SX450_.jpg,"Labels: 'Font', 'Display device', 'Screenshot', 'Magenta', 'Multimedia', 'Graphics', 'Electric blue', 'Logo', Texts: 'SONY\n4K\nHDR\nGoogle TVI\nLIVE\nCOLOR\nDolby\nAUDIO', 'SONY', '4K', 'HDR', 'Google', 'TVI', 'LIVE', 'COLOR', 'Dolby', 'AUDIO', Logos: 'Dolby Laboratories', 'Sony Corporation', Objects: "
Sony Bravia 164 cm (65 inches) 4K Ultra HD Smart LED Google TV KD,https://m.media-amazon.com/images/I/81MRU+3RJLL._SX450_.jpg,"Labels: 'Photograph', 'Rectangle', 'Purple', 'Petal', 'Pink', 'Font', 'Magenta', 'Art', 'Technology', 'Painting', Texts: 'SONY\nGoogle TV I\nLIVE\nCOLOR\nDolby\nAUDIO\n4K\nHDR\nFeatures for\nPlayStation®5', 'SONY', 'Google', 'TV', 'I', 'LIVE', 'COLOR', 'Dolby', 'AUDIO', '4K', 'HDR', 'Features', 'for', 'PlayStation®5', Logos: , Objects: 'Television', 'Television'"
Sony 139 cm (55 inches) BRAVIA 2 4K Ultra HD Smart LED Google TV ,https://m.media-amazon.com/images/I/819lC-tC8iL._SX450_.jpg,"Labels: 'Wheel', 'Tire', 'Car', 'Land vehicle', 'Vehicle', 'Automotive lighting', 'Motor vehicle', 'Automotive design', 'Hood', 'Automotive tire', Texts: 'SONY\nBRAVIA 2\n28 Castrel\n36\nMAZDA\n23\nGoogle TV |\nLIVE\nCOLOR\nDolby\nFeatures for\nAUDIO\nPlayStation®5', 'SONY', 'BRAVIA', '2', '28', 'Castrel', '36', 'MAZDA', '23', 'Google', 'TV', '|', 'LIVE', 'COLOR', 'Dolby', 'Features', 'for', 'AUDIO', 'PlayStation®5', Logos: 'Bravia', 'Sony Corporation', 'Google', Objects: 'Television', 'Car', 'Wheel', 'Car', 'Tire', 'Car'"
Sony Bravia 80 cm (32 inches) HD Ready Smart LED Google TV,https://m.media-amazon.com/images/I/71EcYIKenVL._SX450_.jpg,"Labels: 'Green', 'Terrestrial plant', 'Rectangle', 'Font', 'Automotive mirror', 'Technology', 'Logo', 'Wheel', 'Graphics', 'Advertising', Texts: 'SONY\nHDR\nGoogle TV | X-Reality PRO\nOk Google\nSONY', 'SONY', 'HDR', 'Google', 'TV', '|', 'X', '-', 'Reality', 'PRO', 'Ok', 'Google', 'SONY', Logos: , Objects: 'Television'"
Hydro Flask Stainless Steel Wide Mouth Water Bottle,https://m.media-amazon.com/images/I/6176qXxgtIL._AC_UL480_FMwebp_QL65_.jpg,"Labels: 'Liquid', 'Drinkware', 'Bottle', 'Rectangle', 'Font', 'Auto part', 'Electric blue', 'Glass', 'Symbol', 'Metal', Texts: 'Hydro Flask\nD', 'Hydro', 'Flask', 'D', Logos: 'Hydro Flask', Objects: 'Vacuum flask'"
Owala FreeSip Insulated Stainless Steel Water Bottle with Straw,https://m.media-amazon.com/images/I/71XJK6bWJKL._AC_UL480_FMwebp_QL65_.jpg,"Labels: 'Brown', 'Rectangle', 'Beige', 'Dishware', 'Electronic device', 'Serveware', 'Metal', 'Circle', 'Square', 'Electric blue', Texts: 'owala\nDowolo', 'owala', 'Dowolo', Logos: , Objects: 'Vacuum flask'"
"Gatorade Gx, Marble Blue, 30 Oz",https://m.media-amazon.com/images/I/81VUG3Eh5ZL._AC_UL480_FMwebp_QL65_.jpg,"Labels: 'Bird', 'Azure', 'Textile', 'Paint', 'Painting', 'Art', 'Creative arts', 'Rectangle', 'Electric blue', 'Art paint', Texts: 'G', 'G', Logos: 'The Gatorade Company', Objects: 'Bottle'"
"Sahara Sailor Water Bottles, 32oz Motivational Sports Water Bottle with Time Marker",https://m.media-amazon.com/images/I/615wnuU9ZqL._AC_UL480_FMwebp_QL65_.jpg,"Labels: 'Liquid', 'Drinkware', 'Green', 'Water bottle', 'Bottle', 'Fluid', 'Drink', 'Plastic bottle', 'Aqua', 'Material property', Texts: ""STAY\nHYDRATED\n8AM\n2PM\nGET STARTED\n320x\n28\n9AM\n3PM\nREMEMBER YOUR GOAL\n24\n10AM 4PM\nKEEP ONGOING\n11AM 5PM\nDON'T GIVE UP\n12PM 6PM\nALMOST\n1PM\n07PM\nYOU DID IT\nBPA FREE\n12\n20\n16"", 'STAY', 'HYDRATED', '8AM', '2PM', 'GET', 'STARTED', '320x', '28', '9AM', '3PM', 'REMEMBER', 'YOUR', 'GOAL', '24', '10AM', '4PM', 'KEEP', 'ONGOING', '11AM', '5PM', ""DON'T"", 'GIVE', 'UP', '12PM', '6PM', 'ALMOST', '1PM', '07PM', 'YOU', 'DID', 'IT', 'BPA', 'FREE', '12', '20', '16', Logos: , Objects: 'Bottle', 'Bottle'"
"Insulated Water Bottle 64 oz, Triple Wall Vacuum Stainless Steel (Cold for 48 Hrs)",https://m.media-amazon.com/images/I/71vE0KfTNQL._AC_UL480_FMwebp_QL65_.jpg,"Labels: 'Liquid', 'Bottle', 'Fluid', 'Material property', 'Font', 'Gas', 'Personal care', 'Plastic bottle', 'Electric blue', 'Cylinder', Texts: 'RAYMYLO', 'RAYMYLO', Logos: , Objects: 'Vacuum flask', 'Bottle'"
HYDRO CELL Stainless Steel Insulated Water Bottle with Straw,https://m.media-amazon.com/images/I/71ua0aLCE2L._AC_UL480_FMwebp_QL65_.jpg,"Labels: 'Liquid', 'Blue', 'Fluid', 'Bottle', 'Violet', 'Plastic bottle', 'Font', 'Material property', 'Cylinder', 'Tints and shades', Texts: 'HYDRO CE\nRO CELL\nHYDRO CE\nORO CELL\nHYDRO CELL', 'HYDRO', 'CE', 'RO', 'CELL', 'HYDRO', 'CE', 'ORO', 'CELL', 'HYDRO', 'CELL', Logos: 'Sekolah Tinggi Manajemen Informatika dan Teknik Komputer Stikom Bali', Objects: 'Vacuum flask', 'Vacuum flask', 'Vacuum flask', 'Vacuum flask', 'Vacuum flask', 'Bottle', 'Bottle', 'Bottle', 'Bottle', 'Bottle'"
50 Strong Bulk Water Bottles | 24 Pack Sports Bottle,https://m.media-amazon.com/images/I/71VMAGCc7OL._AC_UL960_FMwebp_QL65_.jpg,"Labels: 'Product', 'Gesture', 'Font', 'Material property', 'Liquid', 'Gas', 'Cylinder', 'Rectangle', 'Circle', 'Pipe', Texts: 'BE 50 STR\nPESO ST\nST\nBE 50 STRONG\nST\nSTRONG\nBE 50 STRONG RE 50 STRONG DE 50 STRONG\nTRONG', 'BE', '50', 'STR', 'PESO', 'ST', 'ST', 'BE', '50', 'STRONG', 'ST', 'STRONG', 'BE', '50', 'STRONG', 'RE', '50', 'STRONG', 'DE', '50', 'STRONG', 'TRONG', Logos: , Objects: 'Lighting', 'Bottle', 'Bottle'"
AQUAFIT 1 Gallon Water Bottle With Time Marker - Straw & Chug Lid,https://m.media-amazon.com/images/I/81mLuArYaqL._AC_UL480_FMwebp_QL65_.jpg,"Labels: 'Product', 'Liquid', 'Sleeve', 'Font', 'Automotive tire', 'Machine', 'Personal protective equipment', 'Bottle', 'Engineering', 'Illustration', Texts: 'aquafit\nONE GALLON\n30+\nCOLORS\n7AM\n3500112\n3000\n960\n9AM\n11AM\n2500\n803\n1PM\n2000\n64\n3PM\naquafit\n1500\n5PM\nttle\n1000\n7PM\n500\n9PM', 'aquafit', 'ONE', 'GALLON', '30+', 'COLORS', '7AM', '3500112', '3000', '960', '9AM', '11AM', '2500', '803', '1PM', '2000', '64', '3PM', 'aquafit', '1500', '5PM', 'ttle', '1000', '7PM', '500', '9PM', Logos: , Objects: 'Bottle', 'Bottle', 'Bottle', 'Bottle', 'Bottle', 'Bottle', 'Bottle'"
"Under Armour Playmaker Sport Jug, Water Bottle with Handle, Foam Insulated & Leak Resistant",https://m.media-amazon.com/images/I/61PQRMZMhWL._AC_UL480_FMwebp_QL65_.jpg,"Labels: 'White', 'Light', 'Luggage and bags', 'Gas', 'Bag', 'Fluid', 'Backpack', 'Electric blue', 'Font', 'Cylinder', Texts: , Logos: 'Under Armour', Objects: 'Vacuum flask'"
BUTABY Rectangle Sunglasses for Women Retro Driving,https://m.media-amazon.com/images/I/719G6MA0A8L._AC_UL480_FMwebp_QL65_.jpg,"Labels: 'Glasses', 'Brown', 'Goggles', 'Vision care', 'Sunglasses', 'White', 'Product', 'Eyewear', 'Eye glass accessory', 'Orange', Texts: , Logos: , Objects: 'Sunglasses', 'Sunglasses', 'Sunglasses', 'Sunglasses'"
SOJOS Classic Square Sunglasses for Women Men with Spring Hinge Sunnies SJ1137,https://m.media-amazon.com/images/I/61OvsRHucQL._AC_UL480_FMwebp_QL65_.jpg,"Labels: 'Glasses', 'Goggles', 'Vision care', 'Sunglasses', 'Eye glass accessory', 'Eyewear', 'Yellow', 'Tints and shades', 'Font', 'Oval', Texts: , Logos: , Objects: 'Sunglasses'"
WearMe Pro - Reflective Lens Round Trendy Sunglasses,https://m.media-amazon.com/images/I/71U8Ot3tx+L._AC_UL480_FMwebp_QL65_.jpg,"Labels: 'Glasses', 'Vision care', 'Goggles', 'Sunglasses', 'Eyewear', 'Eye glass accessory', 'Material property', 'Font', 'Tints and shades', 'Beige', Texts: 'сти', 'сти', Logos: , Objects: 'Sunglasses'"
MERRY'S Unisex Polarized Aluminum Sunglasses,https://m.media-amazon.com/images/I/51X-dwiFqAL._AC_UL480_FMwebp_QL65_.jpg,"Labels: 'Glasses', 'Vision care', 'Goggles', 'Sunglasses', 'Eyewear', 'Eye glass accessory', 'Grey', 'Material property', 'Font', 'Tints and shades', Texts: ""MERRY'S\nUC\nMERRY'S"", ""MERRY'S"", 'UC', ""MERRY'S"", Logos: , Objects: 'Sunglasses'"
Joopin Square Sunglasses Polarized UV Protection Trendy Designer Sun Glasses Men Women,https://m.media-amazon.com/images/I/519NQwNO96L._AC_UL480_FMwebp_QL65_.jpg,"Labels: 'Vision care', 'Eye glass accessory', 'Eyewear', 'Goggles', 'Sunglasses', 'Material property', 'Tints and shades', 'Font', 'Personal protective equipment', 'Transparent material', Texts: , Logos: , Objects: 'Sunglasses'"
Eyegla Wholesale Sunglasses Bulk for Adults Party Favors Retro Classic Shades,https://m.media-amazon.com/images/I/71WcWVcKmnL._AC_UL480_FMwebp_QL65_.jpg,"Labels: 'Glasses', 'Goggles', 'Vision care', 'Sunglasses', 'White', 'Green', 'Azure', 'Blue', 'Eyewear', 'Line', Texts: , Logos: , Objects: 'Sunglasses', 'Sunglasses', 'Sunglasses', 'Sunglasses', 'Sunglasses'"
VANLINKER Thick Square Sunglasses for Men Women,https://m.media-amazon.com/images/I/51JKURQSTEL._AC_UL480_FMwebp_QL65_.jpg,"Labels: 'Glasses', 'Goggles', 'Vision care', 'Sunglasses', 'Eye glass accessory', 'Eyewear', 'Grey', 'Line', 'Automotive design', 'Material property', Texts: , Logos: , Objects: 'Sunglasses'"
KALIYADI Polarized Sunglasses for Men,https://m.media-amazon.com/images/I/61KQXq71FJL._AC_UL480_FMwebp_QL65_.jpg,"Labels: 'Glasses', 'Vision care', 'Goggles', 'Sunglasses', 'White', 'Light', 'Eye glass accessory', 'Eyewear', 'Font', 'Personal protective equipment', Texts: 'KALIYADI\nEyewear Collection\nMICROFIBER', 'KALIYADI', 'Eyewear', 'Collection', 'MICROFIBER', Logos: , Objects: 'Sunglasses', 'Sunglasses'"
SOJOS Classic Square Polarized Sunglasses for Women,https://m.media-amazon.com/images/I/61r36QSm+iL._AC_UL480_FMwebp_QL65_.jpg,"Labels: 'Glasses', 'Brown', 'Goggles', 'Vision care', 'Photograph', 'Sunglasses', 'Amber', 'Eyewear', 'Eye glass accessory', 'Orange', Texts: 'pas (f\nо', 'pas', '(', 'f', 'о', Logos: , Objects: 'Sunglasses'"
Polarized Sports Sunglasses for Men,https://m.media-amazon.com/images/I/61wzlDnzmFL._AC_UL480_FMwebp_QL65_.jpg,"Labels: 'White', 'Eyewear', 'Eye glass accessory', 'Line', 'Font', 'Audio equipment', 'Personal protective equipment', 'Drawing', 'Art', 'Fashion accessory', Texts: 'RTS\nSPORD\nSPORT\nSPORTS', 'RTS', 'SPORD', 'SPORT', 'SPORTS', Logos: , Objects: 'Sunglasses'"
"COSCO 20 x 48"" Vinyl Top Folding Table Black""",https://m.media-amazon.com/images/I/41CWXgRuGCL._AC_UL480_FMwebp_QL65_.jpg,"Labels: 'Table', 'Furniture', 'Rectangle', 'Outdoor furniture', 'Outdoor table', 'Line', 'Wood stain', 'Wood', 'Coffee table', 'Plywood', Texts: , Logos: , Objects: "
"Folding Table,4ft Indoor Outdoor Heavy Duty Portable Folding Square Plastic Dining Table",https://m.media-amazon.com/images/I/51vYlQYxXxL._AC_UL480_FMwebp_QL65_.jpg,"Labels: 'Table', 'Furniture', 'Rectangle', 'Outdoor furniture', 'Material property', 'Outdoor table', 'Wood', 'Metal', 'Tire', 'Desk', Texts: 'ງ', 'ງ', Logos: , Objects: 'Table', 'Desk', 'Luggage & bags'"
Sweetcrispy Small Computer Office Desk 32 Inch Kids Student Study Writing Work with Storage Bag,https://m.media-amazon.com/images/I/71iMhXX9Q9L._AC_UL480_FMwebp_QL65_.jpg,"Labels: 'Table', 'Laptop', 'Furniture', 'Computer', 'Property', 'Personal computer', 'Computer desk', 'Product', 'Rectangle', 'Desk', Texts: , Logos: , Objects: 'Laptop', 'Desk', 'Houseplant'"
"COSCO Molded Folding Banquet Table w/Handle, 6ft, Black",https://m.media-amazon.com/images/I/61o-HmSlBLL._AC_UL480_FMwebp_QL65_.jpg,"Labels: 'Table', 'Furniture', 'Outdoor table', 'Rectangle', 'Outdoor furniture', 'Line', 'Plant', 'Coffee table', 'Tree', 'Wood', Texts: , Logos: , Objects: "
"L Shaped Desk - 43 Inch Gaming Desk, Computer Corner Desk, Home Office Writing Desk",https://m.media-amazon.com/images/I/71Rx0-s00nL._AC_UL480_FMwebp_QL65_.jpg,"Labels: 'Table', 'Furniture', 'Rectangle', 'Computer desk', 'Desk', 'Personal computer', 'Interior design', 'Shelving', 'Line', 'Computer monitor', Texts: '28 08', '28', '08', Logos: , Objects: 'Desk', 'Desk', 'Desk'"
Folding Table 4 Foot Portable Heavy Duty Plastic Fold-in-Half Utility Table,https://m.media-amazon.com/images/I/51Uq2V-Dw0L._AC_UL480_FMwebp_QL65_.jpg,"Labels: 'Table', 'Furniture', 'Rectangle', 'Outdoor furniture', 'Parallel', 'Wood', 'Metal', 'Plywood', 'Aluminium', 'Shade', Texts: 'C', 'C', Logos: , Objects: 'Table', 'Desk'"
HOOBRO End Table with Charging Station and USB Ports,https://m.media-amazon.com/images/I/71etoV72iAL._AC_UL480_FMwebp_QL65_.jpg,"Labels: 'Furniture', 'Shelf', 'Table', 'Rectangle', 'Outdoor furniture', 'Shelving', 'Chair', 'Wood', 'Wood stain', 'Plywood', Texts: , Logos: , Objects: 'Nightstand'"
STATESVILLE 32 inch Small Computer Desk Writing Study Work Office Table Modern Simple with Storage Bag,https://m.media-amazon.com/images/I/615t60-qErL._AC_UL480_FMwebp_QL65_.jpg,"Labels: 'Furniture', 'Tire', 'Table', 'Wheel', 'Outdoor furniture', 'Wood', 'Rectangle', 'Chair', 'Hardwood', 'Outdoor table', Texts: , Logos: , Objects: "
"SHW Home Office 32-Inch Computer Desk, Black",https://m.media-amazon.com/images/I/41wT18b9nJL._AC_UL480_FMwebp_QL65_.jpg,"Labels: 'Table', 'Furniture', 'Rectangle', 'Line', 'Parallel', 'Plywood', 'Outdoor furniture', 'Wood', 'Transparent material', 'Outdoor table', Texts: , Logos: , Objects: "
"HOOBRO Side Table, 3-Tier Narrow End Table, Nightstand with 2 Flat or Slant Adjustable Shelves for Small Spaces",https://m.media-amazon.com/images/I/71dLfRcfU5L._AC_UL480_FMwebp_QL65_.jpg,"Labels: 'Furniture', 'White', 'Black', 'Rectangle', 'Table', 'Outdoor furniture', 'Natural material', 'Gas', 'Metal', 'Wood', Texts: , Logos: , Objects: "
ZIUMIER Gaming Headset with Microphone,https://m.media-amazon.com/images/I/71nh1VxLzuL._AC_UY327_FMwebp_QL65_.jpg,"Labels: 'Output device', 'Peripheral', 'Gadget', 'Audio equipment', 'Font', 'Headphones', 'Electronic device', 'Communication Device', 'Hearing', 'Magenta', Texts: , Logos: , Objects: 'Headphones'"
EKSA E900 Headset with Microphone for PC,https://m.media-amazon.com/images/I/71N6Oge0ntL._AC_UY327_FMwebp_QL65_.jpg,"Labels: 'Peripheral', 'Output device', 'White', 'Purple', 'Communication Device', 'Audio equipment', 'Violet', 'Gadget', 'Material property', 'Font', Texts: , Logos: , Objects: 'Headphones'"
Jabra Evolve 40 Professional Wired Headset,https://m.media-amazon.com/images/I/61apHvYK6GL._AC_UY327_FMwebp_QL65_.jpg,"Labels: 'Peripheral', 'Output device', 'Gadget', 'Communication Device', 'Audio equipment', 'Ear', 'Font', 'Material property', 'Headphones', 'Electronic device', Texts: , Logos: , Objects: 'Headphones'"
Logitech H390 Wired Headset for PC/Laptop,https://m.media-amazon.com/images/I/61jBnY6paeL._AC_UY327_FMwebp_QL65_.jpg,"Labels: 'Peripheral', 'Output device', 'Ear', 'Gadget', 'Audio equipment', 'Headphones', 'Communication Device', 'Headset', 'Font', 'Fashion accessory', Texts: 'logi', 'logi', Logos: , Objects: 'Headphones'"
BENGOO G9000 Stereo Gaming Headset for PS4 PC Xbox One PS5 Controller,https://m.media-amazon.com/images/I/61CGHv6kmWL._AC_UY327_FMwebp_QL65_.jpg,"Labels: 'Peripheral', 'Gadget', 'Sports gear', 'Automotive design', 'Audio equipment', 'Font', 'Output device', 'Electric blue', 'Electronic device', 'Poster', Texts: 'BENGOO\nGAMING HEADSET', 'BENGOO', 'GAMING', 'HEADSET', Logos: 'Rosneft', Objects: 'Headphones'"
"Gaming Headset for PC, PS4, PS5, Xbox Headset",https://m.media-amazon.com/images/I/712OyBPPL0L._AC_UY327_FMwebp_QL65_.jpg,"Labels: 'Peripheral', 'Output device', 'Gadget', 'Audio equipment', 'Font', 'Communication Device', 'Headphones', 'Electronic device', 'Input device', 'Technology', Texts: 'OZEINO', 'OZEINO', Logos: , Objects: 'Headphones'"
"Headset wtih Mic, USB Headset with Microphone for PC",https://m.media-amazon.com/images/I/719zL67IK7L._AC_UY327_FMwebp_QL65_.jpg,"Labels: 'White', 'Output device', 'Peripheral', 'Audio equipment', 'Gadget', 'Electronic device', 'Event', 'Font', 'Headphones', 'Communication Device', Texts: , Logos: , Objects: 'Headphones'"
Sony MDREX15AP In-Ear Earbud Headphones with Mic,https://m.media-amazon.com/images/I/61AZ9rCOSZL._AC_UY327_FMwebp_QL65_.jpg,"Labels: 'Microphone', 'Product', 'Peripheral', 'Audio equipment', 'Gadget', 'Output device', 'Font', 'Headphones', 'Electronic device', 'Ear', Texts: 'SONY', 'SONY', Logos: 'Sony Corporation', Objects: 'Headphones', 'Headphones'"
LUDOS FEROX Wired Earbuds in-Ear Headphones,https://m.media-amazon.com/images/I/51HfzWPM6eL._AC_UY327_FMwebp_QL65_.jpg,"Labels: 'Microphone', 'White', 'Product', 'Audio equipment', 'Gadget', 'Output device', 'Peripheral', 'Material property', 'Font', 'Ear', Texts: 'R', 'R', Logos: , Objects: 'Headphones', 'Headphones'"
Ludos Clamor Wired Earbuds in-Ear Headphones,https://m.media-amazon.com/images/I/51Le9g6qjRL._AC_UY327_FMwebp_QL65_.jpg,"Labels: 'White', 'Light', 'Human body', 'Output device', 'Audio equipment', 'Gadget', 'Peripheral', 'Microphone', 'Ear', 'Material property', Texts: , Logos: , Objects: "
Avantree E171 - Sports Earbuds Wired with Microphone,https://m.media-amazon.com/images/I/51RiCPSTwsL._AC_UY327_FMwebp_QL65_.jpg,"Labels: 'Ear', 'Font', 'Material property', 'Audio equipment', 'Peripheral', 'Technology', 'Gadget', 'Auto part', 'Circle', 'Output device', Texts: , Logos: , Objects: "
FIRSTBLOOD ONLY GAME. AJ52 Watcher RGB Gaming Mouse,https://m.media-amazon.com/images/I/51WaY1BLs8L._AC_UY327_FMwebp_QL65_.jpg,"Labels: 'Outerwear', 'Product', 'Sleeve', 'Cap', 'Triangle', 'Collar', 'Font', 'Dress shirt', 'T-shirt', 'Pattern', Texts: , Logos: , Objects: 'Mouse'"
"Redragon M612 Predator RGB Gaming Mouse, 8000 DPI",https://m.media-amazon.com/images/I/61vF4LdktpL._AC_UY327_FMwebp_QL65_.jpg,"Labels: 'Peripheral', 'Input device', 'Mouse', 'Computer hardware', 'Helmet', 'Font', 'Magenta', 'Computer component', 'Electric blue', 'Gadget', Texts: , Logos: , Objects: 'Mouse'"
Razer Basilisk V3 Customizable Ergonomic Gaming Mouse,https://m.media-amazon.com/images/I/71QbOWMcP9L._AC_UY327_FMwebp_QL65_.jpg,"Labels: 'Peripheral', 'Input device', 'Plant', 'Gadget', 'Font', 'Computer hardware', 'Electronic device', 'Personal computer hardware', 'Home appliance', 'Logo', Texts: , Logos: 'Razer Inc.', Objects: 'Mouse'"
"Redragon Gaming Mouse, Wireless Mouse Gaming with 8000 DPI",https://m.media-amazon.com/images/I/61QY3V6A-NL._AC_UY327_FMwebp_QL65_.jpg,"Labels: 'Peripheral', 'Input device', 'Gadget', 'Output device', 'Font', 'Technology', 'Electronic device', 'Computer hardware', 'Multimedia', 'Magenta', Texts: , Logos: , Objects: 'Mouse'"
"BENGOO Gaming Mouse Wired, Ergonomic Gamer Laptop PC",https://m.media-amazon.com/images/I/61lCLrCtuhL._AC_UY327_FMwebp_QL65_.jpg,"Labels: 'Purple', 'Input device', 'Violet', 'Sports equipment', 'Font', 'Fender', 'Magenta', 'Automotive design', 'Electric blue', 'Mouse', Texts: , Logos: , Objects: 'Mouse'"
LTC Circle Pit HM-001 RGB Gaming Mouse with 2 Side Buttons,https://m.media-amazon.com/images/I/61kutmcYxSL._AC_UY327_FMwebp_QL65_.jpg,"Labels: 'Peripheral', 'Input device', 'Purple', 'Automotive parking light', 'Mouse', 'Font', 'Electronic device', 'Computer hardware', 'Magenta', 'Electric blue', Texts: , Logos: , Objects: 'Mouse'"
Razer Viper V2 Pro HyperSpeed Wireless Gaming Mouse,https://m.media-amazon.com/images/I/61PZvXc7UFL._AC_UY327_FMwebp_QL65_.jpg,"Labels: 'Liquid', 'Product', 'Kitchen appliance', 'Fluid', 'Home appliance', 'Small appliance', 'Drinkware', 'Telephony', 'Portable communications device', 'Output device', Texts: , Logos: 'Razer Inc.', Objects: 'Mouse'"
Alienware AW720M Tri-Mode Wireless Gaming Mouse,https://m.media-amazon.com/images/I/61lZalbTWAL._AC_UY327_FMwebp_QL65_.jpg,"Labels: 'Peripheral', 'Grey', 'Gadget', 'Electric blue', 'Metal', 'Musical instrument accessory', 'Composite material', 'Font', 'Input device', 'Computer component', Texts: , Logos: 'Alienware', Objects: 'Mouse'"
ASUS ROG Spatha X Wireless Gaming Mouse,https://m.media-amazon.com/images/I/8167lxUe8SL._AC_UY327_FMwebp_QL65_.jpg,"Labels: 'Peripheral', 'Automotive design', 'Input device', 'Sports gear', 'Font', 'Helmet', 'Computer hardware', 'Personal protective equipment', 'Electric blue', 'Logo', Texts: , Logos: , Objects: "
Corsair K70 RGB PRO Wired Mechanical Gaming Keyboard,https://m.media-amazon.com/images/I/61Yupm5970L._AC_UY327_FMwebp_QL65_.jpg,"Labels: 'Peripheral', 'Input device', 'Gadget', 'Font', 'Computer keyboard', 'Space bar', 'Office equipment', 'Computer hardware', 'Technology', 'Audio equipment', Texts: 'TAB\nCAPS\nA\nD\nCTRL\nALT\nC\nCORSAIR\nENTER', 'TAB', 'CAPS', 'A', 'D', 'CTRL', 'ALT', 'C', 'CORSAIR', 'ENTER', Logos: , Objects: 'Computer keyboard'"
MageGee Portable 60% Mechanical Gaming Keyboard,https://m.media-amazon.com/images/I/618zZ7u3sUL.__AC_SX300_SY300_QL70_FMwebp_.jpg,"Labels: 'Peripheral', 'Computer keyboard', 'Input device', 'Computer', 'Space bar', 'Office equipment', 'Keyboard', 'Electronic instrument', 'Window', 'Laptop accessory', Texts: 'M\nD', 'M', 'D', Logos: , Objects: 'Computer keyboard'"
Womier S-K80 75% Keyboard with Color Multimedia Display Mechanical Gaming Keyboard,https://m.media-amazon.com/images/I/71WBwf2mkXL._AC_UY327_FMwebp_QL65_.jpg,"Labels: 'Computer keyboard', 'Peripheral', 'Product', 'Input device', 'Space bar', 'Rectangle', 'Computer', 'Communication Device', 'Output device', 'Electronic instrument', Texts: , Logos: , Objects: 'Computer keyboard'"
Redragon S101 Gaming Keyboard,https://m.media-amazon.com/images/I/71QDJHG1PqL._AC_UY327_FMwebp_QL65_.jpg,"Labels: 'Peripheral', 'Input device', 'Product', 'Output device', 'Purple', 'Computer keyboard', 'Font', 'Gadget', 'Computer hardware', 'Space bar', Texts: 'Esc\n1\n2\nF5\nF6\nF7\n0\n8\nREDRAGON\nTab\nQ\nW\nE\nR\nTYUIOP\nCaps\nLock\nA S\nD\nF\nG\nHJ\nK\nL\nShift\nz x\nC V\nB\nNM\nY.\nA-\nAX\nAll\n}\nPI\n-\nF12\nо\n2 13\n+\n(B\nболо\n2', 'Esc', '1', '2', 'F5', 'F6', 'F7', '0', '8', 'REDRAGON', 'Tab', 'Q', 'W', 'E', 'R', 'TYUIOP', 'Caps', 'Lock', 'A', 'S', 'D', 'F', 'G', 'HJ', 'K', 'L', 'Shift', 'z', 'x', 'C', 'V', 'B', 'NM', 'Y.', 'A-', 'AX', 'All', '}', 'PI', '-', 'F12', 'о', '2', '13', '+', '(', 'B', 'боло', '2', Logos: , Objects: 'Computer keyboard', 'Mouse'"
Razer Ornata V3 X Gaming Keyboard,https://m.media-amazon.com/images/I/71pqfvJKW5L._AC_UY327_FMwebp_QL65_.jpg,"Labels: 'Computer', 'Peripheral', 'Computer keyboard', 'Input device', 'Space bar', 'Keyboard', 'Office equipment', 'Rectangle', 'Laptop part', 'Computer hardware', Texts: '5%\n8. 9\nQ\nW\nE\nR\nן་\nY\nU\n0 P\nA\nS\nF\nG\nH\nK\nC\nV\nN\nM\n1\nRAZEN\nc\nо\n3\nm', '5', '%', '8.', '9', 'Q', 'W', 'E', 'R', 'ן', '་', 'Y', 'U', '0', 'P', 'A', 'S', 'F', 'G', 'H', 'K', 'C', 'V', 'N', 'M', '1', 'RAZEN', 'c', 'о', '3', 'm', Logos: 'Razer Inc.', Objects: 'Computer keyboard'"
Corsair K55 CORE RGB Membrane Wired Gaming Keyboard,https://m.media-amazon.com/images/I/71rcQyKSOcL._AC_UY327_FMwebp_QL65_.jpg,"Labels: 'Rectangle', 'Peripheral', 'Office equipment', 'Font', 'Input device', 'Electric blue', 'Technology', 'Pattern', 'Space bar', 'Number', Texts: 'INS\nноме\nPO UP\nDEL\nEND\nESC\nF2\nF3\nF4\nFS\nF6\nF7\nF8\nF9\nF10\nF11\nF12\nPATSC SCALK\nPAUSE\nTAB\nSHIFT\nZXC\nVBNM\nCAPS\nCTRL\nALT\n0\n\nP\nALT FN\nENTER\nSHIFT\n回\nCTRL\nv\nPG ON\n>\nA\n8\n4\n5\n6\n6\n1\n2\n3\n>\nENT', 'INS', 'номе', 'PO', 'UP', 'DEL', 'END', 'ESC', 'F2', 'F3', 'F4', 'FS', 'F6', 'F7', 'F8', 'F9', 'F10', 'F11', 'F12', 'PATSC', 'SCALK', 'PAUSE', 'TAB', 'SHIFT', 'ZXC', 'VBNM', 'CAPS', 'CTRL', 'ALT', '0', '', 'P', 'ALT', 'FN', 'ENTER', 'SHIFT', '回', 'CTRL', 'v', 'PG', 'ON', '>', 'A', '8', '4', '5', '6', '6', '1', '2', '3', '>', 'ENT', Logos: , Objects: 'Computer keyboard'"
AULA Gaming Keyboard,https://m.media-amazon.com/images/I/71cd3Qs3fEL._AC_UY327_FMwebp_QL65_.jpg,"Labels: 'Peripheral', 'Computer keyboard', 'Input device', 'Space bar', 'Output device', 'Mouse', 'Font', 'Computer', 'Gadget', 'Computer hardware', Texts: 'FIO FI\n<-\nF12 PETS SOLE PAUSE\nNUM\nWERTY\nTAS\nCAPSLE\nSD\nDOPED\nGHJK L\nCVBNM\nSHIFT\nALT\nALT\nFN\nCIAL\nDEL\n*\nI\n+', 'FIO', 'FI', '<', '-', 'F12', 'PETS', 'SOLE', 'PAUSE', 'NUM', 'WERTY', 'TAS', 'CAPSLE', 'SD', 'DOPED', 'GHJK', 'L', 'CVBNM', 'SHIFT', 'ALT', 'ALT', 'FN', 'CIAL', 'DEL', '*', 'I', '+', Logos: , Objects: 'Computer keyboard', 'Mouse'"
MageGee 75% Mechanical Gaming Keyboard with Blue Switch,https://m.media-amazon.com/images/I/61eavECexVL._AC_UY327_FMwebp_QL65_.jpg,"Labels: 'Computer keyboard', 'Peripheral', 'Input device', 'Azure', 'Space bar', 'Keyboard', 'Office equipment', 'Electronic instrument', 'Computer hardware', 'Rectangle', Texts: 'Esc\nER\nTab\nW\nB\nC\nA\nD\nE\nH\nShift\n2\n×\nCtri\nWin\nAlt\ne\nFO\nท\nB\nN\nM\n0\nAlt\nF\nEnter\nS\nPRESE OLK\nPse\nChri', 'Esc', 'ER', 'Tab', 'W', 'B', 'C', 'A', 'D', 'E', 'H', 'Shift', '2', '×', 'Ctri', 'Win', 'Alt', 'e', 'FO', 'ท', 'B', 'N', 'M', '0', 'Alt', 'F', 'Enter', 'S', 'PRESE', 'OLK', 'Pse', 'Chri', Logos: , Objects: 'Computer keyboard'"
Snpurdiri 60% Wired Gaming Keyboard,https://m.media-amazon.com/images/I/61UGJ7z-sUL._AC_UY327_FMwebp_QL65_.jpg,"Labels: 'Input device', 'Space bar', 'Font', 'Office supplies', 'Office equipment', 'Gadget', 'Electronic device', 'Communication Device', 'Technology', 'Peripheral', Texts: 'Esc\nTab\nwin\nAlt\nH\nBack\nEnter\nShift\nAll\nFa\nE\nCtri', 'Esc', 'Tab', 'win', 'Alt', 'H', 'Back', 'Enter', 'Shift', 'All', 'Fa', 'E', 'Ctri', Logos: , Objects: 'Computer keyboard'"
Redragon K585 DITI One-Handed RGB Mechanical Gaming Keyboard,https://m.media-amazon.com/images/I/71zS0BekOfL._AC_UY327_FMwebp_QL65_.jpg,"Labels: 'Input device', 'Peripheral', 'Gadget', 'Font', 'Fashion accessory', 'Magenta', 'Plastic', 'Rectangle', 'Square', 'Electric blue', Texts: 'B\n04\nREDRAGON\nN\nAL\nGAMING\nR', 'B', '04', 'REDRAGON', 'N', 'AL', 'GAMING', 'R', Logos: , Objects: 'Computer keyboard'"
Creative Farmer Fruit Seeds,https://m.media-amazon.com/images/I/513SGvOptJL._AC_UL480_FMwebp_QL65_.jpg,"Labels: 'Food', 'Fruit', 'Plant', 'Natural foods', 'Apple', 'Staple food', 'Produce', 'Superfood', 'Seedless fruit', 'Flowering plant', Texts: 'WiseGEEK', 'WiseGEEK', Logos: , Objects: 'Apple'"
MVKR - Live Red Apple fruit Plant This Varity is Supporting all india weather,https://m.media-amazon.com/images/I/41nswQESVVL._AC_UL480_FMwebp_QL65_.jpg,"Labels: 'Food', 'Branch', 'Fruit', 'Natural foods', 'Plant', 'Apple', 'Tree', 'Flowering plant', 'Produce', 'Rose family', Texts: , Logos: , Objects: 'Fruit', 'Fruit', 'Fruit', 'Apple', 'Fruit', 'Apple', 'Apple', 'Fruit', 'Apple', 'Apple'"
GARDENIFY INDIA F1 ALPINE HYBRIDE FRESH RED APPLE SEEDS/FRUITS SEEDS,https://m.media-amazon.com/images/I/51FLUURf1kL._AC_UL480_FMwebp_QL65_.jpg,"Labels: 'Food', 'Fruit', 'Natural foods', 'Mcintosh', 'Plant', 'Organism', 'Apple', 'Staple food', 'Superfood', 'Produce', Texts: , Logos: , Objects: 'Apple', 'Apple', 'Apple'"
Green view Original All India Weather Supporting Live Apple Fruit,https://m.media-amazon.com/images/I/414LGHqG4vL._AC_UL480_FMwebp_QL65_.jpg,"Labels: 'Food', 'Fruit', 'Natural foods', 'Staple food', 'Apple', 'Produce', 'Superfood', 'Flowering plant', 'Accessory fruit', 'Local food', Texts: , Logos: , Objects: 'Apple'"
Natura GreenHouse NMK-01 Custard Apple,https://m.media-amazon.com/images/I/41HC1r-JCqL._AC_UL480_FMwebp_QL65_.jpg,"Labels: 'Food', 'Natural foods', 'Staple food', 'Ingredient', 'Produce', 'Vegetable', 'Plant', 'Flowering plant', 'Local food', 'Squash', Texts: , Logos: , Objects: 'Fruit', 'Fruit', 'Fruit', 'Fruit', 'Food', 'Food', 'Fruit', 'Food'"
Stylish Bracelet For Men Leather Bracelet,https://m.media-amazon.com/images/I/710D-t-2LrL._AC_UL480_FMwebp_QL65_.jpg,"Labels: 'Gesture', 'Font', 'Automotive tire', 'Audio equipment', 'Auto part', 'Tire', 'Synthetic rubber', 'Hair accessory', 'Fashion accessory', 'Electric blue', Texts: , Logos: 'Edenly', Objects: 'Bracelet'"
6 PCs Mixed Multi-Layer Genuine Leather Bracelet,https://m.media-amazon.com/images/I/51RCyVOxVIL._AC_UL480_FMwebp_QL65_.jpg,"Labels: 'Body jewelry', 'Product', 'Gesture', 'Finger', 'Font', 'Material property', 'Jewellery', 'Ring', 'Bangle', 'Technology', Texts: , Logos: 'Edenly', Objects: 'Bracelet'"
Men's Fashion Jewellery High Polished Stylish Stainless,https://m.media-amazon.com/images/I/61vfipvWkLL._AC_UL480_FMwebp_QL65_.jpg,"Labels: 'White', 'Body jewelry', 'Font', 'Jewellery', 'Bracelet', 'Jewelry making', 'Automotive tire', 'Drinkware', 'Metal', 'Art', Texts: , Logos: 'David Yurman', Objects: 'Bracelet'"
Stylish Boys Bracelet Stainless Steel Beads Silver Chain,https://m.media-amazon.com/images/I/71d2fcBxEjL._AC_UL480_FMwebp_QL65_.jpg,"Labels: 'Blue', 'Body jewelry', 'Gadget', 'Font', 'Rectangle', 'Electronic device', 'Technology', 'Jewellery', 'Electric blue', 'Pattern', Texts: , Logos: , Objects: 'Bracelet'"
Bracelets for Girls and Boys | Leather Bracelet for Girls,https://m.media-amazon.com/images/I/51c1rR4CbOL._AC_UL480_FMwebp_QL65_.jpg,"Labels: 'Audio equipment', 'Bicycle part', 'Material property', 'Camera accessory', 'Auto part', 'Font', 'Output device', 'Rim', 'Circle', 'Fashion accessory', Texts: , Logos: , Objects: 'Bracelet'"
Men's Fashion Jewellery Combo Pack of 4 Stainless Steel Solid,https://m.media-amazon.com/images/I/61GHkfAZMRL._AC_UL480_FMwebp_QL65_.jpg,"Labels: 'White', 'Line', 'Jewellery', 'Fashion accessory', 'Nickel', 'Font', 'Body jewelry', 'Titanium', 'Silver', 'Event', Texts: , Logos: , Objects: 'Necklace', 'Necklace', 'Necklace', 'Necklace'"
Men's Jewellery Black Silver Chain For Men Boys,https://m.media-amazon.com/images/I/612xOm1X6LL._AC_UL480_FMwebp_QL65_.jpg,"Labels: 'White', 'Body jewelry', 'Natural material', 'Necklace', 'Material property', 'Silver', 'Jewellery', 'Rectangle', 'Fashion accessory', 'Metal', Texts: , Logos: , Objects: 'Necklace'"
Men's Jewellery 3D Cuboid Vertical Bar/Stick Stainless,https://m.media-amazon.com/images/I/51QCXW-lhxL._AC_UL480_FMwebp_QL65_.jpg,"Labels: 'Body jewelry', 'Silver', 'Line', 'Rectangle', 'Font', 'Jewellery', 'Necklace', 'Metal', 'Chain', 'Fashion accessory', Texts: 'DDDD\nDDDDOD', 'DDDD', 'DDDDOD', Logos: , Objects: 'Necklace', 'Necklace'"
Gift Men's Stainless Steel Cross Pendant Lord's Prayer Gold,https://m.media-amazon.com/images/I/616TArDJB7L._AC_UL480_FMwebp_QL65_.jpg,"Labels: 'White', 'Font', 'Badge', 'Jewellery', 'Symbol', 'Body jewelry', 'Circle', 'Pattern', 'Fashion accessory', 'Metal', Texts: 'NW\nN\nMS\nSE', 'NW', 'N', 'MS', 'SE', Logos: , Objects: "
LION KING HEAD - Alloy Pendant with Stainless Steel,https://m.media-amazon.com/images/I/71t26JUbTXL._AC_UL480_FMwebp_QL65_.jpg,"Labels: 'White', 'Black', 'Natural material', 'Body jewelry', 'Necklace', 'Silver', 'Jewellery', 'Font', 'Art', 'Metal', Texts: , Logos: , Objects: 'Necklace'"
Bamboo Socks for Men,https://m.media-amazon.com/images/I/81pdj8cq70L._SX679_.jpg,"Labels: 'Hand', 'Shoe', 'Safety glove', 'Glove', 'Gesture', 'Grey', 'Sock', 'Synthetic rubber', 'Personal protective equipment', 'Human leg', Texts: '디그', '디그', Logos: , Objects: 'Sock', 'Sock', 'Sock'"
Bamboo Crew Socks for Men,https://m.media-amazon.com/images/I/81kYos-YtGL._SX679_.jpg,"Labels: 'Sock', 'Personal protective equipment', 'Thumb', 'Human leg', 'Electric blue', 'Pattern', 'Font', 'Fashion accessory', 'Sportswear', 'Carmine', Texts: , Logos: , Objects: 'Sock', 'Sock', 'Sock'"
Rio Premium Cotton Ankle Socks for Men and Women,https://m.media-amazon.com/images/I/81FTipXrZIL._SX679_.jpg,"Labels: 'Gesture', 'Sock', 'Glove', 'Font', 'Human leg', 'Thumb', 'Carmine', 'Foot', 'Sportswear', 'Thumbs signal', Texts: , Logos: , Objects: 'Sock', 'Sock', 'Sock', 'Sock', 'Sock'"
Bamboo Socks for Men,https://m.media-amazon.com/images/I/91imPb7haXL._SX679_.jpg,"Labels: 'Shoe', 'Gesture', 'Woolen', 'Sock', 'Font', 'Glove', 'Human leg', 'Electric blue', 'Thumb', 'Personal protective equipment', Texts: , Logos: , Objects: 'Sock', 'Sock', 'Shoe'"
12 Pairs Solid Cotton Ankle Length Socks for Men,https://m.media-amazon.com/images/I/81TRdxk1wnL._SY741_.jpg,"Labels: 'Head', 'Green', 'White', 'Line', 'Font', 'Pattern', 'Carmine', 'Graphics', 'Electric blue', Texts: , Logos: , Objects: 'Sock', 'Sock', 'Sock', 'Sock', 'Sock'"
Polyester 5 Pairs Solid Ankle Length Socks For Men,https://m.media-amazon.com/images/I/A10JGz2JOZL._AC_UL480_FMwebp_QL65_.jpg,"Labels: 'Shoe', 'Sleeve', 'Sportswear', 'Sock', 'Font', 'Personal protective equipment', 'Human leg', 'Electric blue', 'Fashion accessory', 'Auto part', Texts: , Logos: , Objects: 'Sock', 'Sock', 'Sock', 'Sock', 'Sock'"
Mens Cotton Ankle Length Socks (Pack of 3) Dark Grey,https://m.media-amazon.com/images/I/51P0U7RknsL._AC_UL480_FMwebp_QL65_.jpg,"Labels: 'Footwear', 'Shoe', 'Leg', 'Synthetic rubber', 'Font', 'Sportswear', 'Electric blue', 'Comfort', 'Human leg', 'Foot', Texts: 'pe', 'pe', Logos: , Objects: 'Sock'"
Sports Ankle Cotton Socks | Free Size,https://m.media-amazon.com/images/I/81SEVBzTWhL._AC_UL480_FMwebp_QL65_.jpg,"Labels: 'Footwear', 'Shoe', 'White', 'Light', 'Product', 'Black', 'Fashion', 'Font', 'Grey', 'Material property', Texts: 'E\n03\nD\nEM\nD\nFR\nEM', 'E', '03', 'D', 'EM', 'D', 'FR', 'EM', Logos: , Objects: 'Sock', 'Sock', 'Sock', 'Sock', 'Sock'"
Ankle Socks for Men & Women,https://m.media-amazon.com/images/I/81CdTxYMb5L._AC_UL480_FMwebp_QL65_.jpg,"Labels: 'Glove', 'Sleeve', 'Font', 'Sportswear', 'Sock', 'Pattern', 'Jersey', 'Undergarment', 'Tie', 'Waist', Texts: 'X5\nX5', 'X5', 'X5', Logos: , Objects: 'Sock', 'Sock'"
5 Pairs Cotton Sports Ankle Socks for Men,https://m.media-amazon.com/images/I/61Ikv+ZkHnL._AC_UL480_FMwebp_QL65_.jpg,"Labels: 'White', 'Leg', 'Black', 'Bottle', 'Gesture', 'Finger', 'Material property', 'Font', 'Human leg', 'Foot', Texts: 'HOR\nFC SPORTS\nSPORT', 'HOR', 'FC', 'SPORTS', 'SPORT', Logos: , Objects: 'Sock', 'Sock', 'Sock', 'Sock', 'Sock', 'Clothing'"
Navy Dotted Tie For Men,https://m.media-amazon.com/images/I/61FBnxZnSKL._AC_UL480_FMwebp_QL65_.jpg,"Labels: 'Textile', 'Sleeve', 'Rectangle', 'Font', 'Pattern', 'Electric blue', 'Circle', 'Tie', 'Carmine', 'Pattern', Texts: , Logos: , Objects: 'Tie'"
Pasiley Tie For Men,https://m.media-amazon.com/images/I/61gAw323f6L._AC_UL480_FMwebp_QL65_.jpg,"Labels: 'Brown', 'Sleeve', 'Headgear', 'Collar', 'Motif', 'Font', 'Pattern', 'Art', 'Fashion accessory', 'Wood', Texts: , Logos: , Objects: 'Tie'"
Floral Tie For Men,https://m.media-amazon.com/images/I/61JqlaY97SL._AC_UL480_FMwebp_QL65_.jpg,"Labels: 'Sleeve', 'Rectangle', 'Collar', 'Bag', 'Font', 'Military camouflage', 'Camouflage', 'Grass', 'Pattern', 'Street light', Texts: , Logos: , Objects: 'Tie'"
Men's Check Micro Wooven Silk Necktie Gift Set With Pocket,https://m.media-amazon.com/images/I/81svTVP8BQL._AC_UL480_FMwebp_QL65_.jpg,"Labels: 'Shoe', 'Product', 'Gesture', 'Font', 'Grey', 'Finger', 'Audio equipment', 'Outdoor shoe', 'Plant', 'Synthetic rubber', Texts: , Logos: , Objects: 'Tie', 'Shoe'"
Men's Black Neck Tie Matte Finish Microfiber Formal Gift,https://m.media-amazon.com/images/I/715ZdQrugkL._AC_UL480_FMwebp_QL65_.jpg,"Labels: 'Tire', 'Arm', 'Automotive tire', 'Synthetic rubber', 'Sleeve', 'Tread', 'Bicycle part', 'Rim', 'Automotive wheel system', 'Automotive exterior', Texts: , Logos: , Objects: 'Tie'"
Leader Spyder 27.5T MTB Cycle/Bike,https://m.media-amazon.com/images/I/81y9uUq1lnL._AC_UY327_FMwebp_QL65_.jpg,"Labels: 'Bicycle', 'Tire', 'Bicycles--Equipment and supplies', 'Bicycle wheel', 'Bicycle wheel rim', 'Crankset', 'Bicycle seatpost', 'Bicycle frame', 'Wheel', 'Bicycle handlebar', Texts: 'SPYDER\nLEADER', 'SPYDER', 'LEADER', Logos: , Objects: 'Tire', 'Tire', 'Wheel', 'Bicycle wheel', 'Bicycle wheel', 'Wheel', 'Wheel'"
Leader Scout MTB 26T Mountain Bicycle/Bike,https://m.media-amazon.com/images/I/81wGn2TQJeL._AC_UY327_FMwebp_QL65_.jpg,"Labels: 'Bicycle', 'Wheel', 'Tire', 'Bicycles--Equipment and supplies', 'Bicycle wheel rim', 'Land vehicle', 'Bicycle wheel', 'Bicycle frame', 'Crankset', 'Bicycle tire', Texts: , Logos: , Objects: 'Tire', 'Tire', 'Bicycle', 'Wheel', 'Bicycle wheel', 'Wheel', 'Bicycle wheel', 'Wheel'"
Urban Terrain Galaxy Pro High Performance Mountain Cycles,https://m.media-amazon.com/images/I/61Z2ibSEOxL._AC_UY327_FMwebp_QL65_.jpg,"Labels: 'Bicycle', 'Tire', 'Bicycles--Equipment and supplies', 'Wheel', 'Bicycle wheel', 'Bicycle wheel rim', 'Crankset', 'Vehicle', 'Bicycle frame', 'Bicycle handlebar', Texts: 'Troan Tenan', 'Troan', 'Tenan', Logos: , Objects: 'Tire', 'Tire', 'Bicycle wheel', 'Bicycle wheel', 'Wheel', 'Wheel', 'Bicycle'"
Urban Terrain Galaxy High Performance Mountain Cycles,https://m.media-amazon.com/images/I/61QWH8VYIuL._AC_UY327_FMwebp_QL65_.jpg,"Labels: 'Bicycle', 'Tire', 'Wheel', 'Bicycles--Equipment and supplies', 'Bicycle wheel rim', 'Crankset', 'Sports equipment', 'Vehicle', 'Bicycle seatpost', 'Bicycle handlebar', Texts: 'an renam', 'an', 'renam', Logos: 'Giant Bicycles', Objects: 'Tire', 'Tire', 'Wheel', 'Bicycle wheel', 'Bicycle wheel', 'Wheel', 'Wheel'"
Avon Buke Bicycles Thrust 26T MTB Cycle for Adults,https://m.media-amazon.com/images/I/61arPQZLNML._AC_UY327_FMwebp_QL65_.jpg,"Labels: 'Bicycle', 'Wheel', 'Tire', 'Bicycles--Equipment and supplies', 'Bicycle wheel rim', 'Crankset', 'Sports equipment', 'Bicycle seatpost', 'Bicycle handlebar', 'Bicycle wheel', Texts: 'THRUST', 'THRUST', Logos: , Objects: 'Tire', 'Tire', 'Bicycle wheel', 'Bicycle wheel'"
Amitasha Pull Back Motorbike High-Speed Racing Bike,https://m.media-amazon.com/images/I/41FpPQlmcfL._AC_UL480_FMwebp_QL65_.jpg,"Labels: 'Tire', 'Wheel', 'Vehicle', 'Motocross', 'Motorcycle', 'Automotive tire', 'Enduro', 'Tread', 'Motorsport', 'Motor vehicle', Texts: , Logos: , Objects: 'Tire', 'Tire', 'Wheel', 'Wheel'"
Baybee R7 Battery Operated Bike for Kids,https://m.media-amazon.com/images/I/71BXLqma3BL._AC_UL480_FMwebp_QL65_.jpg,"Labels: 'Wheel', 'Tire', 'Automotive tire', 'Vehicle', 'Automotive lighting', 'Motor vehicle', 'Motorcycle', 'Alloy wheel', 'Vehicle brake', 'Automotive design', Texts: 'rgbee brobe zubee\nbee bebee b\nbate bribee bbre', 'rgbee', 'brobe', 'zubee', 'bee', 'bebee', 'b', 'bate', 'bribee', 'bbre', Logos: , Objects: 'Motorcycle', 'Tire', 'Wheel', 'Tire', 'Wheel', 'Tire', 'Wheel'"
GORMERY 1/12 Scale Model Compatible with Kawasaki,https://m.media-amazon.com/images/I/41zDXFipUmL.jpg,"Labels: 'Tire', 'Wheel', 'Automotive lighting', 'Automotive tire', 'Motorcycle', 'Vehicle', 'Motor vehicle', 'Alloy wheel', 'Tread', 'Automotive design', Texts: , Logos: 'Kawasaki Heavy Industries', Objects: 'Motorcycle', 'Tire', 'Tire', 'Wheel', 'Wheel'"
Nexus Product Bike for Kids Toy R3 Bike,https://m.media-amazon.com/images/I/71HxhWJlzaL._AC_UL480_FMwebp_QL65_.jpg,"Labels: 'Tire', 'Wheel', 'Vehicle', 'Automotive lighting', 'Automotive tire', 'Fuel tank', 'Motorcycle', 'Automotive fuel system', 'Motor vehicle', 'Automotive design', Texts: 'TOY\nSchool\nSchool\nR\nSUPER\nR3', 'TOY', 'School', 'School', 'R', 'SUPER', 'R3', Logos: , Objects: 'Tire', 'Wheel', 'Motorcycle', 'Wheel', 'Tire', 'Wheel'"
PLUSPOINT Diecast Motorcycle Toy Ducati Bike,https://m.media-amazon.com/images/I/71NNd7bV8PL._AC_UL480_FMwebp_QL65_.jpg,"Labels: 'Tire', 'Wheel', 'Vehicle', 'Fuel tank', 'Automotive tire', 'Automotive lighting', 'Motorcycle', 'Alloy wheel', 'Motor vehicle', 'Headlamp', Texts: 'V', 'V', Logos: , Objects: 'Motorcycle', 'Wheel', 'Tire', 'Wheel', 'Tire', 'Wheel', 'Tire'"
Maisto KTM 1290 Super Duke,https://m.media-amazon.com/images/I/61PIVnN9zTL._AC_UL480_FMwebp_QL65_.jpgMacbookpro 2023,"Labels: , Texts: , Logos: , Objects: "
Macbookpro 2023,https://cdn.arstechnica.net/wp-content/uploads/2023/01/2022-MacBook-Pro-closed-scaled.jpeg,"Labels: 'Computer', 'Personal computer', 'Netbook', 'Granny smith', 'Gadget', 'Communication Device', 'Material property', 'Laptop part', 'Font', 'Output device', Texts: , Logos: 'Apple', Objects: 'Laptop', 'Tablet computer'"
SG BAT,https://encrypted-tbn0.gstatic.com/images?q=tbn:ANd9GcQKHtjqRyXr-cnckH9XI07nf-InQEL65jWKnw&s,"Labels: 'Glass bottle', 'Font', 'Drink', 'Bicycle fork', 'Logo', 'Bottle', 'Wine bottle', 'Distilled beverage', 'Fashion accessory', 'Wood', Texts: , Logos: 'Sanspareils Greenlands', 'Sanspareils Greenlands', 'Sanspareils Greenlands', Objects: "
addidas bat,https://s3.envato.com/files/219166400/01.jpg,"Labels: 'Font', 'Rectangle', 'Office supplies', 'Cutlery', 'Tool', 'Kitchen utensil', 'Brush', 'Tableware', 'Writing implement', Texts: 'adidas\nPellara\nPRO\nadidas', 'adidas', 'Pellara', 'PRO', 'adidas', Logos: 'Adidas', 'Adidas', Objects: "
kokabura bat,https://cdn-5c84bc36-b681cbc1.mysagestore.com/b522fd52e101edc926c3308c230445d5/contents/2A13370CRE5/thumbnail/middle_2A13370CRE5.jpg,"Labels: 'Eye', 'Product', 'Eyelash', 'Human body', 'Gesture', 'Font', 'Liquid', 'Test tube', 'Electric blue', 'Plastic bottle', Texts: 'KOOKABURRA\nKOOKABURRA', 'KOOKABURRA', 'KOOKABURRA', Logos: 'Kookaburra Sport', 'Kookaburra Sport', Objects: "
grey nicolls,https://www.sportsuncle.com/image/cache/catalog/images/gray-nicolls/gn9-players-edition-1200x1200.webp,"Labels: 'Font', 'Art', 'Peach', 'Cylinder', Texts: 'GRAY-NICOLLS▸\nultra\nGN9\nPlayers Edition', 'GRAY', '-', 'NICOLLS▸', 'ultra', 'GN9', 'Players', 'Edition', Logos: 'Gray-Nicolls', 'Gray-Nicolls', Objects: "
image,https://encrypted-tbn0.gstatic.com/images?q=tbn:ANd9GcQ-ONqAKslPndYXlthokvSOQabcIdCDD_uuFg&s,"Labels: 'Gesture', 'Gadget', 'Font', 'Cable', 'Fashion accessory', 'Electronic component', 'Wire', 'Rectangle', 'Audio equipment', 'Pattern', Texts: , Logos: , Objects: "
tshirt-1,https://i5.walmartimages.com/asr/983733a4-f6d1-4874-9706-e41f7d44b57c.b69e437c9e9acd825c58294fa325bf30.jpeg,"Labels: 'Outerwear', 'Shirt', 'Product', 'Black', 'Sleeve', 'T-shirt', 'Grey', 'Collar', 'Font', 'Sportswear', Texts: 'SLAM\nYEAH!\nDUNK', 'SLAM', 'YEAH', '!', 'DUNK', Logos: , Objects: 'Top', 'Top'"
tshirt-2,https://d1csarkz8obe9u.cloudfront.net/posterpreviews/black-shirt-design-template-9711886ffaea1bd17443ac887fe511ee_screen.jpg?ts=1695810688,"Labels: 'Vertebrate', 'Sleeve', 'T-shirt', 'Font', 'Collar', 'Active shirt', 'Plant', 'Art', 'Pattern', 'Graphics', Texts: , Logos: , Objects: 'Top', 'Top'"
tshirt-3,https://ttbazaar.com/cdn/shop/files/GoldenYellow_3918318f-ad40-4019-9a96-5a0f71591d39_530x@2x.jpg?v=1706872703,"Labels: 'Jersey', 'Dress', 'Neck', 'Sleeve', 'Orange', 'T-shirt', 'Collar', 'Clothes hanger', 'Active shirt', 'Font', Texts: 'GOLDEN YELLOW\nCOOL', 'GOLDEN', 'YELLOW', 'COOL', Logos: , Objects: 'Top', 'Top'"
laptop cleaning kit,https://www.portronics.com/cdn/shop/products/CleanN1200x12001.jpg?v=1682316673,"Labels: 'Auto part', 'Font', 'Audio equipment', 'Gadget', 'Titanium', 'Metal', 'Event', 'Brand', 'Output device', 'Rectangle', Texts: , Logos: , Objects: 'Lighting'"
laptop cleaning kit-2,https://uestore.in/wp-content/uploads/2024/04/Portronics-Clean-N-19-in-1-Smart-Gadget-Cleaning-Kit-2.jpg.webp,"Labels: 'Font', 'Rectangle', 'Audio equipment', 'Parallel', 'Brand', 'Cylinder', 'Logo', Texts: '18\nMeet The Clean Squad\nPORTRONICS\n4\n5\n11\n10\n12\n8\n9\n6\n13\n15\n17\n16\n1. Support\nstorage box\n7. Round\n2. Super fiber\nflannelette\n3. Sim remover\npin\n4. Shaft puller\n5. Key puller\n6. Four bristle\nbrush\nhole brush\n8. Three bristle\nbrush\n9. Carbon\nlens pen\n10. Angled\n13. Earbud case\ncleaner\n14. Seven bristle 15. Sector\nbrush\ncleaning brush\n16. Spray\nnozzle\ntweezer\n11. Metal\nnib/tip\n17. Soft\nbristle brush\n12. Mini earbud\ncleaner\n18. Mobile phone\nholder', '18', 'Meet', 'The', 'Clean', 'Squad', 'PORTRONICS', '4', '5', '11', '10', '12', '8', '9', '6', '13', '15', '17', '16', '1.', 'Support', 'storage', 'box', '7.', 'Round', '2.', 'Super', 'fiber', 'flannelette', '3.', 'Sim', 'remover', 'pin', '4.', 'Shaft', 'puller', '5.', 'Key', 'puller', '6.', 'Four', 'bristle', 'brush', 'hole', 'brush', '8.', 'Three', 'bristle', 'brush', '9.', 'Carbon', 'lens', 'pen', '10.', 'Angled', '13.', 'Earbud', 'case', 'cleaner', '14.', 'Seven', 'bristle', '15.', 'Sector', 'brush', 'cleaning', 'brush', '16.', 'Spray', 'nozzle', 'tweezer', '11.', 'Metal', 'nib', '/', 'tip', '17.', 'Soft', 'bristle', 'brush', '12.', 'Mini', 'earbud', 'cleaner', '18.', 'Mobile', 'phone', 'holder', Logos: , Objects: "
laptop cleaning kit-3,https://images.meesho.com/images/products/375212611/in2yu_512.webp,"Labels: 'Product', 'Liquid', 'Gadget', 'Font', 'Camera accessory', 'Audio equipment', 'Cylinder', 'Gas', 'Electronic device', 'Brand', Texts: 'S-375212611\n20-In-1\nCleaning Kit\nClean Any Gadget Anytime, Anywhere\nD PORTRONICS\nPORTRONICS', 'S', '-', '375212611', '20', '-', 'In', '-', '1', 'Cleaning', 'Kit', 'Clean', 'Any', 'Gadget', 'Anytime', ',', 'Anywhere', 'D', 'PORTRONICS', 'PORTRONICS', Logos: , Objects: "
iphone 12 pro max,https://s.yimg.com/ob/image/a214a2d6-63d5-4162-afdc-c66d05bd6a1f.jpg,"Labels: 'Camera accessory', 'Gadget', 'Audio equipment', 'Circle', 'Font', 'Cameras & optics', 'Electric blue', 'Electronic device', 'Output device', 'Magenta', Texts: 'iPhone 12 Pro 128G', 'iPhone', '12', 'Pro', '128G', Logos: , Objects: 'Camera'"
